{"eval/loss": 0.08160337805747986, "eval/accuracy": 1.0, "eval/f1": 1.0, "eval/runtime": 0.1163, "eval/samples_per_second": 94.594, "eval/steps_per_second": 25.798, "train/epoch": 5.0, "train/global_step": 125, "_timestamp": 1731576363.625791, "_runtime": 128.2360851764679, "_step": 10, "train/loss": 0.1699, "train/grad_norm": 1.326627254486084, "train/learning_rate": 2.7200000000000002e-06, "train_runtime": 51.909, "train_samples_per_second": 9.343, "train_steps_per_second": 2.408, "total_flos": 8783883567900.0, "train_loss": 0.507653136253357, "test/loss": 0.08160337805747986, "test/accuracy": 1.0, "test/f1": 1.0, "test/runtime": 0.4335, "test/samples_per_second": 25.375, "test/steps_per_second": 6.92}